# araclar/cevir-derle.py sonucu -- ELLE DÜZENLEMEYİN, --guncelle ile yenileyin
# çevirmen: bulent2k2/kojo@3056e4d8781dc2b7ed2c90a23739c047ed212581
# iKojo örnekleri (17): Türkçesi derlenen 17, çevirisi derlenen 14, çeviri açığı 3
# masaüstü örnekleri (124): Türkçesi derlenen 64, çevirisi derlenen 50, çeviri açığı 14
# "çeviri açığı": Türkçesi derleniyor, İngilizce çevirisi derlenmiyor
betik	tr	en	en_hata	en_ilk_hata	tr_ilk_hata
01-ilk-adimlar.kojo	geçti	geçti	0		
02-renkli-cicek.kojo	geçti	geçti	0		
03-resimler.kojo	geçti	geçti	0		
04-klavye-oyunu.kojo	geçti	geçti	0		
05-sekme-oyunu.kojo	geçti	geçti	0		
06-koleksiyonlar.kojo	geçti	kaldı	3	20: type mismatch;	
07-nokta-ve-yoney.kojo	geçti	kaldı	6	7: value withTranslation is not a member of pixiscalajs.PIXI.Point	
08-kumanda-kolu.kojo	geçti	geçti	0		
09-nerede-ve-dokunma.kojo	geçti	geçti	0		
10-anahtar-kelimeler.kojo	geçti	geçti	0		
11-acilar-ve-radyan.kojo	geçti	geçti	0		
12-uc-cisim.kojo	geçti	geçti	0		
13-xox-yenilmez.kojo	geçti	geçti	0		
14-agir-dolgu.kojo	geçti	geçti	0		
15-mesh-olcumu.kojo	geçti	kaldı	1	147: value get is not a member of cevirdenetimi.E014.builtins.trTurtle.BuAn	
16-yuz-bin-komut.kojo	geçti	geçti	0		
17-melodi.kojo	geçti	geçti	0		
masaustu/installer/examples/anagram/anagram_tr.kojo.installed	kaldı	kaldı	5	6: not found: value sözcükDizininiYükle	6: not found: value sözcükDizininiYükle
masaustu/installer/examples/anagram/tr/sozcuk-dizinini-yukle.kojo	kaldı	kaldı	2	24: not found: value installDir	24: not found: value installDir
masaustu/installer/examples/othello/menu_tr.kojo.installed	ayrıştırma	ayrıştırma	1	6: To compile XML syntax, the scala.xml package must be on the classpath.	6: To compile XML syntax, the scala.xml package must be on the classpath.
masaustu/installer/examples/othello/tr/alfabeta.kojo	kaldı	kaldı	184	6: not found: type Oda	6: not found: type Oda
masaustu/installer/examples/othello/tr/anaTanimlar.kojo	geçti	geçti	0		
masaustu/installer/examples/othello/tr/araYuz.kojo	kaldı	kaldı	75	7: not found: type ETahta	7: not found: type ETahta
masaustu/installer/examples/othello/tr/bellek.kojo	kaldı	kaldı	6	4: not found: type ETahta	4: not found: type ETahta
masaustu/installer/examples/othello/tr/durum.kojo	kaldı	kaldı	5	3: not found: type Tahta	3: not found: type Tahta
masaustu/installer/examples/othello/tr/eTahta.kojo	kaldı	kaldı	125	6: not found: type Taş	6: not found: type Taş
masaustu/installer/examples/othello/tr/otello.kojo	kaldı	kaldı	7	9: not found: value Siyah	9: not found: value Siyah
masaustu/installer/examples/othello/tr/tahta.kojo	kaldı	kaldı	141	5: type Vector takes type parameters	6: not found: type Taş
masaustu/installer/examples/tiledgame/game_tr.kojo.installed	kaldı	kaldı	7	7: not found: value installDir	7: not found: value kurulumDizini
masaustu/src/main/resources/challenge/tr/get-started.kojo	ayrıştırma	ayrıştırma	1	153: To compile XML syntax, the scala.xml package must be on the classpath.	153: To compile XML syntax, the scala.xml package must be on the classpath.
masaustu/src/main/resources/challenge/tr/oykucu.kojo	ayrıştırma	ayrıştırma	1	80: To compile XML syntax, the scala.xml package must be on the classpath.	80: To compile XML syntax, the scala.xml package must be on the classpath.
masaustu/src/main/resources/ka-bridge/tr/sample.kojo	kaldı	kaldı	27	5: not found: value pinMode	5: not found: value pinMode
masaustu/src/main/resources/mathgames/tr/counting.kojo	kaldı	kaldı	12	22: Boolean does not take parameters	41: not found: value ay
masaustu/src/main/resources/mathgames/tr/identify-fractions.kojo	kaldı	kaldı	30	10: not found: value ay	10: not found: value ay
masaustu/src/main/resources/mathgames/tr/make-fractions.kojo	kaldı	kaldı	22	10: not found: value ay	10: not found: value ay
masaustu/src/main/resources/robosim/tr/cevre.kojo	geçti	geçti	0		
masaustu/src/main/resources/robosim/tr/obstacle-furthest.kojo	kaldı	kaldı	3	17: not found: value duvarlar	17: not found: value duvarlar
masaustu/src/main/resources/robosim/tr/obstacle-greedy.kojo	kaldı	kaldı	3	17: not found: value duvarlar	17: not found: value duvarlar
masaustu/src/main/resources/robosim/tr/robot.kojo	kaldı	kaldı	1	13: value showAxes is not a member of kojo.Picture	13: value eksenleriGöster is not a member of kojo.Picture
masaustu/src/main/resources/samples/tr/addition-game.kojo	kaldı	kaldı	11	44: not found: value ay	44: not found: value ay
masaustu/src/main/resources/samples/tr/angle-experiment.kojo	kaldı	kaldı	2	23: value length is not a member of pixiscalajs.PIXI.Rectangle	34: not found: value doğrultu
masaustu/src/main/resources/samples/tr/angles.kojo	geçti	geçti	0		
masaustu/src/main/resources/samples/tr/animated-square-creation.kojo	kaldı	kaldı	13	14: value setPosition is not a member of pixiscalajs.PIXI.Graphics	36: not found: value Geçiş
masaustu/src/main/resources/samples/tr/arduino-prog.kojo	ayrıştırma	ayrıştırma	1	13: To compile XML syntax, the scala.xml package must be on the classpath.	13: To compile XML syntax, the scala.xml package must be on the classpath.
masaustu/src/main/resources/samples/tr/bounce-collision.kojo	geçti	geçti	0		
masaustu/src/main/resources/samples/tr/bounce-friction.kojo	geçti	geçti	0		
masaustu/src/main/resources/samples/tr/bounce-gravity.kojo	geçti	geçti	0		
masaustu/src/main/resources/samples/tr/bounce-reflect.kojo	geçti	geçti	0		
masaustu/src/main/resources/samples/tr/bounce-start.kojo	geçti	geçti	0		
masaustu/src/main/resources/samples/tr/bounce-table.kojo	geçti	geçti	0		
masaustu/src/main/resources/samples/tr/car-ride.kojo	geçti	geçti	0		
masaustu/src/main/resources/samples/tr/circles.kojo	geçti	geçti	0		
masaustu/src/main/resources/samples/tr/collidium.kojo	geçti	kaldı	3	29: not found: value TexturePaint	
masaustu/src/main/resources/samples/tr/crazy-square.kojo	geçti	geçti	0		
masaustu/src/main/resources/samples/tr/dragon-curve.kojo	geçti	geçti	0		
masaustu/src/main/resources/samples/tr/estimating-pi-mc.kojo	geçti	geçti	0		
masaustu/src/main/resources/samples/tr/eye-effects.kojo	kaldı	kaldı	2	17: not found: value noise	17: not found: value gürültü
masaustu/src/main/resources/samples/tr/eye.kojo	geçti	geçti	0		
masaustu/src/main/resources/samples/tr/face-multi.kojo	geçti	geçti	0		
masaustu/src/main/resources/samples/tr/fern.kojo	kaldı	kaldı	3	28: not found: value flipX	28: not found: value yansıtX
masaustu/src/main/resources/samples/tr/ferris-wheel.kojo	geçti	geçti	0		
masaustu/src/main/resources/samples/tr/fib-tree.kojo	kaldı	kaldı	1	25: not found: value brit	25: not found: value aydınlık
masaustu/src/main/resources/samples/tr/fireworks-canvas.kojo	kaldı	kaldı	4	52: not found: type CanvasDraw	52: not found: type TuvalÇizim
masaustu/src/main/resources/samples/tr/fireworks.kojo	geçti	kaldı	1	56: value isDrawn is not a member of kojo.CirclePic	
masaustu/src/main/resources/samples/tr/flappy-ball.kojo	geçti	geçti	0		
masaustu/src/main/resources/samples/tr/genart-cubic-disarray.kojo	geçti	geçti	0		
masaustu/src/main/resources/samples/tr/genart-delaunay.kojo	kaldı	kaldı	2	9: not found: value onMouseClick	9: not found: value fareyeTıklıyınca
masaustu/src/main/resources/samples/tr/genart-hypnotic-squares.kojo	kaldı	kaldı	2	3: not found: value setDrawingCanvasSize	22: not found: value konum
masaustu/src/main/resources/samples/tr/genart-joy-division.kojo	geçti	kaldı	5	23: type mismatch;	
masaustu/src/main/resources/samples/tr/genart-mondrian.kojo	geçti	geçti	0		
masaustu/src/main/resources/samples/tr/genart-tiled-lines.kojo	geçti	kaldı	1	19: value length is not a member of cevirdenetimi.E070.Köşegen	
masaustu/src/main/resources/samples/tr/genart-tri-mesh.kojo	geçti	kaldı	2	56: value setPosition is not a member of pixiscalajs.PIXI.Graphics	
masaustu/src/main/resources/samples/tr/hunted-fp.kojo	kaldı	kaldı	7	41: not found: value net	41: not found: value net
masaustu/src/main/resources/samples/tr/hunted.kojo	kaldı	kaldı	19	64: not found: value flipY	64: not found: value yansıtY
masaustu/src/main/resources/samples/tr/image-collage.kojo	geçti	kaldı	4	10: not found: value setPenFont	
masaustu/src/main/resources/samples/tr/image-right-split.kojo	geçti	geçti	0		
masaustu/src/main/resources/samples/tr/instruction-palette.kojo	ayrıştırma	ayrıştırma	1	33: To compile XML syntax, the scala.xml package must be on the classpath.	33: To compile XML syntax, the scala.xml package must be on the classpath.
masaustu/src/main/resources/samples/tr/kojo-documentation.kojo	ayrıştırma	ayrıştırma	1	19: To compile XML syntax, the scala.xml package must be on the classpath.	19: To compile XML syntax, the scala.xml package must be on the classpath.
masaustu/src/main/resources/samples/tr/kojo-kilavuz/duvar-tenisi.kojo	geçti	geçti	0		
masaustu/src/main/resources/samples/tr/kojo-kilavuz/duvar-tenisi0.kojo	geçti	geçti	0		
masaustu/src/main/resources/samples/tr/kojo-kilavuz/duvar-tenisi2.kojo	geçti	geçti	0		
masaustu/src/main/resources/samples/tr/kojo-kilavuz/ek-sayfa.kojo	kaldı	kaldı	30	14: not found: value Page	14: not found: value Page
masaustu/src/main/resources/samples/tr/kojo-kilavuz/komutlar-genel.kojo	kaldı	kaldı	41	22: not found: value Page	22: not found: value Page
masaustu/src/main/resources/samples/tr/kojo-kilavuz/ornek-yazilimlar.kojo	geçti	geçti	0		
masaustu/src/main/resources/samples/tr/kojo-kilavuz/renklendirilmis-teker.kojo	geçti	geçti	0		
masaustu/src/main/resources/samples/tr/kojo-kilavuz/turler.kojo	kaldı	kaldı	419	104: not found: value Page	104: not found: value Page
masaustu/src/main/resources/samples/tr/l-systems.kojo	kaldı	kaldı	2	40: value toInt is not a member of StringBuilder	30: type mismatch;
masaustu/src/main/resources/samples/tr/lamp-animation.kojo	kaldı	kaldı	7	10: value setPosition is not a member of pixiscalajs.PIXI.Graphics	11: value yayÇiz is not a member of pixiscalajs.PIXI.Graphics
masaustu/src/main/resources/samples/tr/lamp-animation2.kojo	kaldı	kaldı	5	35: not found: value Transition	35: not found: value Geçiş
masaustu/src/main/resources/samples/tr/lighted-star.kojo	kaldı	kaldı	3	17: not found: value SpotLight	17: not found: value SahneIşığı
masaustu/src/main/resources/samples/tr/lunar-lander.kojo	geçti	geçti	0		
masaustu/src/main/resources/samples/tr/mandelbrot.kojo	kaldı	kaldı	22	144: type mismatch;	136: not found: type İmge
masaustu/src/main/resources/samples/tr/memory-cards.kojo	geçti	kaldı	5	12: value length is not a member of pixiscalajs.PIXI.Rectangle	
masaustu/src/main/resources/samples/tr/multiplication-game.kojo	kaldı	kaldı	11	44: not found: value ay	44: not found: value ay
masaustu/src/main/resources/samples/tr/nbody-four-by-hand.kojo	geçti	geçti	0		
masaustu/src/main/resources/samples/tr/nbody-four.kojo	geçti	geçti	0		
masaustu/src/main/resources/samples/tr/nbody-solar.kojo	geçti	geçti	0		
masaustu/src/main/resources/samples/tr/nbody-stable-triple.kojo	geçti	geçti	0		
masaustu/src/main/resources/samples/tr/nbody-three.kojo	geçti	geçti	0		
masaustu/src/main/resources/samples/tr/nbody-two.kojo	geçti	geçti	0		
masaustu/src/main/resources/samples/tr/oyku-tanimlari.kojo	ayrıştırma	ayrıştırma	1	18: To compile XML syntax, the scala.xml package must be on the classpath.	18: To compile XML syntax, the scala.xml package must be on the classpath.
masaustu/src/main/resources/samples/tr/penta-pattern.kojo	geçti	geçti	0		
masaustu/src/main/resources/samples/tr/physics-fma.kojo	geçti	geçti	0		
masaustu/src/main/resources/samples/tr/physics-uvats.kojo	geçti	kaldı	4	27: value erase is not a member of kojo.Turtle	
masaustu/src/main/resources/samples/tr/pong.kojo	geçti	kaldı	4	94: missing argument list for method exists in class Option of type (p: kojo.Picture => Boolean): Boolean	
masaustu/src/main/resources/samples/tr/prime-factors.kojo	geçti	kaldı	1	3: not found: value switchToWorksheetPerspective	
masaustu/src/main/resources/samples/tr/primes.kojo	geçti	kaldı	1	5: not found: value switchToWorksheetPerspective	
masaustu/src/main/resources/samples/tr/radiance.kojo	kaldı	kaldı	1	15: type mismatch;	15: type mismatch;
masaustu/src/main/resources/samples/tr/random-dots.kojo	geçti	geçti	0		
masaustu/src/main/resources/samples/tr/rangoli.kojo	geçti	geçti	0		
masaustu/src/main/resources/samples/tr/read-vector-bargraph.kojo	kaldı	kaldı	6	3: not found: value setOutputBackground	22: value boşluk is not a member of cevirdenetimi.T110.builtins.trTurtle.Resim
masaustu/src/main/resources/samples/tr/read-vector-mean.kojo	geçti	kaldı	5	2: not found: value toggleFullScreenOutput	
masaustu/src/main/resources/samples/tr/scala-tutorial.kojo	ayrıştırma	ayrıştırma	1	36: To compile XML syntax, the scala.xml package must be on the classpath.	36: To compile XML syntax, the scala.xml package must be on the classpath.
masaustu/src/main/resources/samples/tr/shapes-cols.kojo	geçti	geçti	0		
masaustu/src/main/resources/samples/tr/sierpinski-tri.kojo	kaldı	kaldı	1	4: value hex is not a member of object kojo.doodle.Color	4: value hex is not a member of object kojo.doodle.Color
masaustu/src/main/resources/samples/tr/snowflake.kojo	geçti	geçti	0		
masaustu/src/main/resources/samples/tr/some-notes.kojo	kaldı	kaldı	4	1: not found: value MusicScore	1: not found: value MusicScore
masaustu/src/main/resources/samples/tr/spiral-effects.kojo	kaldı	kaldı	2	20: not found: value weave	20: not found: value örgü
masaustu/src/main/resources/samples/tr/spiral-hexagon-tiles.kojo	geçti	geçti	0		
masaustu/src/main/resources/samples/tr/spiral-square-tiles.kojo	geçti	geçti	0		
masaustu/src/main/resources/samples/tr/spiral.kojo	geçti	geçti	0		
masaustu/src/main/resources/samples/tr/sprite-animation.kojo	kaldı	kaldı	3	17: method position in class Turtle cannot be accessed as a member of kojo.Turtle from object E121 in package cevirdenetimi	17: value konum is not a member of cevirdenetimi.T121.k1.Kaplumbağa
masaustu/src/main/resources/samples/tr/sprite-boundary-polygon.kojo	kaldı	kaldı	2	47: value repaint is not a member of kojo.Picture	47: value çizBaştan is not a member of cevirdenetimi.T122.builtins.trTurtle.Resim
masaustu/src/main/resources/samples/tr/square-pattern.kojo	geçti	geçti	0		
masaustu/src/main/resources/samples/tr/square.kojo	geçti	geçti	0		
masaustu/src/main/resources/samples/tr/subtraction-game.kojo	kaldı	kaldı	11	45: not found: value ay	45: not found: value ay
masaustu/src/main/resources/samples/tr/synchronized-squares.kojo	geçti	geçti	0		
masaustu/src/main/resources/samples/tr/synchronized-squares2.kojo	geçti	geçti	0		
masaustu/src/main/resources/samples/tr/tan-theta.kojo	geçti	geçti	0		
masaustu/src/main/resources/samples/tr/tangram-skier.kojo	kaldı	kaldı	6	55: not enough arguments for method trans: (x: Double, y: Double): kojo.PreDrawTransformc.	59: not found: value yansıtY
masaustu/src/main/resources/samples/tr/tic-tac-toe.kojo	geçti	geçti	0		
masaustu/src/main/resources/samples/tr/tree0.kojo	geçti	geçti	0		
masaustu/src/main/resources/samples/tr/tree1.kojo	kaldı	kaldı	1	25: not found: value brit	25: not found: value aydınlık
masaustu/src/main/resources/samples/tr/tree2.kojo	kaldı	kaldı	1	27: type mismatch;	27: type mismatch;
masaustu/src/main/resources/samples/tr/tune1.kojo	kaldı	kaldı	4	1: not found: value MusicScore	1: not found: value MusicScore
masaustu/src/main/resources/samples/tr/tune2.kojo	kaldı	kaldı	7	2: not found: value MusicScore	2: not found: value MusicScore
masaustu/src/main/resources/samples/tr/turtle-controller.kojo	kaldı	kaldı	5	24: not found: value interpret	24: not found: value yorumla
masaustu/src/main/resources/samples/tr/two-turtle-interaction.kojo	geçti	kaldı	2	12: type mismatch;	
masaustu/src/main/resources/samples/tr/two-turtle-interaction2.kojo	geçti	kaldı	2	20: type mismatch;	
masaustu/src/main/resources/samples/tr/unit-circle.kojo	geçti	geçti	0		
masaustu/src/main/resources/samples/tr/widgets-canvas.kojo	ayrıştırma	ayrıştırma	1	8: To compile XML syntax, the scala.xml package must be on the classpath.	8: To compile XML syntax, the scala.xml package must be on the classpath.
